{"cameraMode":{"drawMode":0,"name":"Shaded","section":"Shading Mode"},"sceneLighting":true,"audioPlay":false,"sceneViewState":{"showFog":true,"showMaterialUpdate":false,"showSkybox":true,"showFlares":true,"showImageEffects":true,"showParticleSystems":true},"in2DMode":false,"pivot":{"x":-18.21734619140625,"y":-206.840576171875,"z":55.918052673339847},"rotation":{"x":0.023044006898999215,"y":-0.8129974007606506,"z":0.5809162259101868,"w":0.03225806728005409},"size":7.805418014526367,"orthographic":false}