{"cameraMode":{"drawMode":0,"name":"Shaded","section":"Shading Mode"},"sceneLighting":false,"audioPlay":false,"sceneViewState":{"showFog":true,"showMaterialUpdate":false,"showSkybox":true,"showFlares":true,"showImageEffects":true,"showParticleSystems":true},"in2DMode":false,"pivot":{"x":10.999835968017579,"y":0.5369477272033691,"z":1.753712773323059},"rotation":{"x":-0.013788413256406784,"y":-0.865895688533783,"z":-0.023903585970401765,"w":0.49946296215057375},"size":0.6966710090637207,"orthographic":false}